,price,crime,nox,rooms,dist,radial,proptax,stratio,lowstat,lprice,lnox,lproptax,Unnamed: 12
0,24000,0.006,5.38,6.57,4.09,1.0,29.6,15.3,4.98,10.08581,1.6826880000000002,5.69036,
1,21599,0.027000000000000003,4.69,6.42,4.97,2.0,24.2,17.8,9.14,9.980402,1.545433,5.488938,
2,34700,0.027000000000000003,4.69,7.18,4.97,2.0,24.2,17.8,4.03,10.4545,1.545433,5.488938,
3,33400,0.032,4.58,7.0,6.06,3.0,22.2,18.7,2.94,10.416310000000001,1.521699,5.402678,
4,36199,0.069,4.58,7.15,6.06,3.0,22.2,18.7,5.33,10.496789999999999,1.521699,5.402678,
5,28701,0.03,4.58,6.43,6.06,3.0,22.2,18.7,5.21,10.26469,1.521699,5.402678,
6,22900,,,6.01,5.56,,,15.2,,,1.656321,,
7,27100,0.145,5.24,6.17,5.95,5.0,31.1,15.2,19.15,10.207289999999999,1.656321,5.739793,
8,16500,0.21100000000000002,5.24,5.63,6.08,5.0,31.1,15.2,29.93,9.711116,1.656321,5.739793,
9,18900,0.17,5.24,6.0,6.59,5.0,31.1,15.2,17.1,9.846917,1.656321,5.739793,
10,15000,0.225,5.24,6.38,6.35,5.0,31.1,15.2,20.45,9.615806,1.656321,5.739793,
11,18900,0.11699999999999999,5.24,6.01,6.23,5.0,31.1,15.2,13.27,9.846917,1.656321,5.739793,
12,21700,0.094,5.24,5.89,5.45,5.0,31.1,15.2,15.71,9.985066999999999,1.656321,5.739793,
13,20400,,,5.95,4.71,,,21.0,,,1.6826880000000002,,
14,18200,0.638,5.38,6.1,4.46,4.0,30.7,21.0,10.26,9.809175999999999,1.6826880000000002,5.726848,
15,19900,0.627,5.38,5.83,4.5,4.0,30.7,21.0,8.47,9.898475,1.6826880000000002,5.726848,
16,23100,1.054,5.38,5.93,4.5,4.0,30.7,21.0,6.58,10.04759,1.6826880000000002,5.726848,
17,17500,0.784,5.38,5.99,4.26,4.0,30.7,21.0,14.67,9.769957000000002,1.6826880000000002,5.726848,
18,20200,0.8029999999999999,5.38,5.46,3.8,4.0,30.7,21.0,11.69,9.913438000000001,1.6826880000000002,5.726848,
19,18200,0.726,5.38,5.73,3.8,4.0,30.7,21.0,11.28,9.809175999999999,1.6826880000000002,5.726848,
20,13600,1.252,5.38,5.57,3.8,4.0,30.7,21.0,21.02,9.517825,1.6826880000000002,5.726848,
21,19600,0.852,5.38,5.96,4.01,4.0,30.7,21.0,13.83,9.883285,1.6826880000000002,5.726848,
22,15200,1.232,5.38,6.14,3.98,4.0,30.7,21.0,18.72,9.62905,1.6826880000000002,5.726848,
23,14500,0.988,5.38,5.81,4.1,4.0,30.7,21.0,19.88,9.581903,1.6826880000000002,5.726848,
24,15600,0.75,5.38,5.92,4.4,4.0,30.7,21.0,16.3,9.655026,1.6826880000000002,5.726848,
25,13900,0.841,5.38,5.6,4.45,4.0,30.7,21.0,16.51,9.539644000000001,1.6826880000000002,5.726848,
26,16600,0.672,5.38,5.81,4.68,4.0,30.7,21.0,14.81,9.717158,1.6826880000000002,5.726848,
27,14800,0.956,5.38,6.05,4.45,4.0,30.7,21.0,17.28,9.602383,1.6826880000000002,5.726848,
28,18400,0.773,5.38,6.49,4.45,4.0,30.7,21.0,12.8,9.820106,1.6826880000000002,5.726848,
29,21000,1.002,5.38,6.67,4.23,4.0,30.7,21.0,11.98,9.952278,1.6826880000000002,5.726848,
30,12700,1.131,5.38,5.69,4.23,4.0,30.7,21.0,22.6,9.449357000000001,1.6826880000000002,5.726848,
31,14500,1.355,5.38,6.07,4.17,4.0,30.7,21.0,13.04,9.581903,1.6826880000000002,5.726848,
32,13200,1.3880000000000001,5.38,5.95,3.99,4.0,30.7,21.0,27.71,9.487972000000001,1.6826880000000002,5.726848,
33,13100,1.1520000000000001,5.38,5.7,3.79,4.0,30.7,21.0,18.35,9.480367999999999,1.6826880000000002,5.726848,
34,13500,1.6130000000000002,5.38,6.1,3.76,4.0,30.7,21.0,20.34,9.510444999999999,1.6826880000000002,5.726848,
35,18900,0.064,4.99,5.93,3.36,5.0,27.9,19.2,9.68,9.846917,1.607436,5.6312120000000006,
36,20000,0.09699999999999999,4.99,5.84,3.38,5.0,27.9,19.2,11.41,9.903487,1.607436,5.6312120000000006,
37,13668,0.08,4.99,5.85,3.93,5.0,27.9,19.2,8.77,9.522813000000001,1.607436,5.6312120000000006,
38,24701,0.175,4.99,5.97,3.85,5.0,27.9,19.2,10.13,10.1146,1.607436,5.6312120000000006,
39,30801,0.027999999999999997,4.28,6.59,5.4,3.0,25.2,18.3,4.32,10.3353,1.453953,5.529429,
40,34899,0.034,4.28,7.02,5.4,3.0,25.2,18.3,1.98,10.46021,1.453953,5.529429,
41,26601,0.127,4.48,6.77,5.72,3.0,23.3,17.9,4.84,10.1887,1.499623,5.451038,
42,25301,0.141,4.48,6.17,5.72,3.0,23.3,17.9,5.81,10.1386,1.499623,5.451038,
43,24701,0.159,4.48,6.21,5.72,3.0,23.3,17.9,7.44,10.1146,1.499623,5.451038,
44,21200,0.12300000000000001,4.48,6.07,5.72,3.0,23.3,17.9,9.55,9.961757,1.499623,5.451038,
45,19300,0.171,4.48,5.68,5.1,3.0,23.3,17.9,10.21,9.867861,1.499623,5.451038,
46,20000,0.188,4.48,5.79,5.1,3.0,23.3,17.9,14.15,9.903487,1.499623,5.451038,
47,16600,0.22899999999999998,4.48,6.03,5.69,3.0,23.3,17.9,18.8,9.717158,1.499623,5.451038,
48,14400,,,5.4,5.87,,,17.9,,,1.499623,,
49,19400,0.22,4.48,5.6,6.09,3.0,23.3,17.9,16.2,9.873028999999999,1.499623,5.451038,
50,19700,0.08900000000000001,4.39,5.96,6.81,4.0,24.3,16.8,13.45,9.888374,1.4793290000000001,5.493062,
51,20500,0.043,4.39,6.11,6.81,4.0,24.3,16.8,9.43,9.928180000000001,1.4793290000000001,5.493062,
52,22620,0.054000000000000006,4.39,6.51,6.81,4.0,24.3,16.8,5.28,10.026589999999999,1.4793290000000001,5.493062,
53,23400,0.05,4.39,6.0,6.81,4.0,24.3,21.1,8.43,10.06049,1.4793290000000001,5.493062,
54,18900,0.013999999999999999,4.1,5.89,7.32,3.0,46.9,17.9,14.8,9.846917,1.410987,6.150603,
55,35401,0.013000000000000001,4.03,7.25,8.7,5.0,22.6,17.3,4.81,10.47449,1.393766,5.420535,
56,24701,0.021,4.1,6.38,9.19,2.0,31.3,15.1,5.77,10.1146,1.410987,5.7462029999999995,
57,32562,0.013999999999999999,4.11,6.82,8.32,5.0,25.6,19.7,3.95,10.3909,1.4134229999999999,5.545177,
58,23300,0.154,4.53,6.14,7.81,8.0,28.4,19.7,6.86,10.05621,1.510722,5.648974,
59,19600,0.10300000000000001,4.53,5.93,6.93,8.0,28.4,19.7,9.22,9.883285,1.510722,5.648974,
60,18700,0.149,4.53,5.74,6.76,8.0,28.4,19.7,13.15,9.836279,1.510722,5.648974,
61,16000,0.172,4.53,5.97,6.82,8.0,28.4,19.7,14.44,9.680344,1.510722,5.648974,
62,22199,0.11,4.53,6.46,7.23,8.0,28.4,19.7,6.73,10.0078,1.510722,5.648974,
63,24999,0.127,4.53,6.76,7.98,8.0,28.4,19.7,9.5,10.12659,1.510722,5.648974,
64,33001,0.02,4.16,7.1,9.22,3.0,21.6,18.6,8.05,10.40429,1.4255149999999999,5.375278,
65,23501,0.036000000000000004,3.98,6.29,6.61,4.0,33.7,16.1,4.67,10.0648,1.381282,5.820083,
66,19400,0.044000000000000004,3.98,5.79,6.61,4.0,33.7,16.1,10.24,9.873028999999999,1.381282,5.820083,
67,22000,0.057999999999999996,4.09,5.88,6.5,4.0,34.5,18.9,8.1,9.998797,1.4085450000000002,5.8435440000000005,
68,17400,,,5.59,6.5,,,18.9,,,1.4085450000000002,,
69,20900,0.128,4.09,5.88,6.5,4.0,34.5,18.9,8.79,9.947503999999999,1.4085450000000002,5.8435440000000005,
70,24200,0.08800000000000001,4.13,6.42,5.29,4.0,30.5,19.2,6.72,10.09411,1.418277,5.720312,
71,21700,0.159,4.13,5.96,5.29,4.0,30.5,19.2,9.88,9.985066999999999,1.418277,5.720312,
72,22800,0.092,4.13,6.06,5.29,4.0,30.5,19.2,5.52,10.03452,1.418277,5.720312,
73,23400,0.195,4.13,6.24,5.29,4.0,30.5,19.2,7.54,10.06049,1.418277,5.720312,
74,24101,0.079,4.37,6.27,4.25,5.0,39.8,18.7,6.78,10.090010000000001,1.4747629999999998,5.986452,
75,21400,0.095,4.37,6.29,4.5,5.0,39.8,18.7,8.94,9.971147,1.4747629999999998,5.986452,
76,20000,0.102,4.37,6.28,4.05,5.0,39.8,18.7,11.97,9.903487,1.4747629999999998,5.986452,
77,20800,0.087,4.37,6.14,4.09,5.0,39.8,18.7,10.27,9.942708,1.4747629999999998,5.986452,
78,21200,0.055999999999999994,4.37,6.23,5.01,5.0,39.8,18.7,12.34,9.961757,1.4747629999999998,5.986452,
79,20300,0.084,4.37,5.87,4.5,5.0,39.8,18.7,9.1,9.918376,1.4747629999999998,5.986452,
80,28001,0.040999999999999995,4.26,6.73,5.4,4.0,28.1,19.0,5.29,10.24,1.4492690000000001,5.638355000000001,
81,23899,0.045,4.26,6.62,5.4,4.0,28.1,19.0,7.22,10.08159,1.4492690000000001,5.638355000000001,
82,24800,0.037000000000000005,4.26,6.3,5.4,4.0,28.1,19.0,6.72,10.1186,1.4492690000000001,5.638355000000001,
83,22900,0.036000000000000004,4.26,6.17,5.4,4.0,28.1,19.0,7.51,10.038889999999999,1.4492690000000001,5.638355000000001,
84,23899,0.051,4.49,6.39,4.78,3.0,24.7,18.5,9.62,10.08159,1.501853,5.5093879999999995,
85,26601,0.057,4.49,6.63,4.44,3.0,24.7,18.5,6.53,10.1887,1.501853,5.5093879999999995,
86,22501,0.052000000000000005,4.49,6.01,4.43,3.0,24.7,18.5,12.86,10.02131,1.501853,5.5093879999999995,
87,22199,0.07200000000000001,4.49,6.12,3.75,3.0,24.7,18.5,8.44,10.0078,1.501853,5.5093879999999995,
88,23600,0.057,4.89,7.01,3.42,2.0,27.0,17.8,5.5,10.068999999999999,1.587192,5.598422,
89,28701,0.053,4.89,7.08,3.41,2.0,27.0,17.8,5.7,10.26469,1.587192,5.598422,
90,22600,0.047,4.89,6.42,3.09,2.0,27.0,17.8,8.81,10.02571,1.587192,5.598422,
91,22000,0.039,4.89,6.4,3.09,2.0,27.0,17.8,8.2,9.998797,1.587192,5.598422,
92,22900,0.042,4.64,6.44,3.67,4.0,27.0,18.2,8.16,10.038889999999999,1.534714,5.598422,
93,24999,0.028999999999999998,4.64,6.21,3.67,4.0,27.0,18.2,6.21,10.12659,1.534714,5.598422,
94,20600,0.043,4.64,6.25,3.61,4.0,27.0,18.2,10.59,9.933046000000001,1.534714,5.598422,
95,28399,0.122,4.45,6.62,3.5,2.0,27.6,18.0,6.65,10.25411,1.492904,5.620401,
96,21400,0.115,4.45,6.16,3.5,2.0,27.6,18.0,11.34,9.971147,1.492904,5.620401,
97,38700,0.121,4.45,8.07,3.5,2.0,27.6,18.0,4.21,10.56359,1.492904,5.620401,
98,43800,0.08199999999999999,4.45,7.82,3.5,2.0,27.6,18.0,3.57,10.687389999999999,1.492904,5.620401,
99,33200,0.069,4.45,7.42,3.5,2.0,27.6,18.0,6.19,10.41031,1.492904,5.620401,
100,27499,0.149,5.2,6.73,2.78,5.0,38.4,20.9,9.42,10.2219,1.648659,5.950643,
101,26500,0.114,5.2,6.78,2.86,5.0,38.4,20.9,7.67,10.1849,1.648659,5.950643,
102,18600,0.22899999999999998,5.2,6.4,2.71,5.0,38.4,20.9,10.63,9.830916,1.648659,5.950643,
103,19300,0.212,5.2,6.14,2.71,5.0,38.4,20.9,13.44,9.867861,1.648659,5.950643,
104,20100,0.14,5.2,6.17,2.42,5.0,38.4,20.9,12.33,9.908475,1.648659,5.950643,
105,19500,0.133,5.2,5.85,2.11,5.0,38.4,20.9,16.47,9.878169999999999,1.648659,5.950643,
106,19500,0.171,5.2,5.84,2.21,5.0,38.4,20.9,18.66,9.878169999999999,1.648659,5.950643,
107,20400,0.131,5.2,6.13,2.12,5.0,38.4,20.9,14.09,9.92329,1.648659,5.950643,
108,19800,0.128,5.2,6.47,2.43,5.0,38.4,20.9,12.27,9.893436999999999,1.648659,5.950643,
109,19400,0.264,5.2,6.23,2.55,5.0,38.4,20.9,15.55,9.873028999999999,1.648659,5.950643,
110,21700,0.10800000000000001,5.47,6.19,2.78,5.0,38.4,20.9,13.0,9.985066999999999,1.699279,5.950643,
111,22800,0.10099999999999999,5.47,6.71,2.68,6.0,43.2,17.8,10.16,10.03452,1.699279,6.0684260000000005,
112,18800,0.12300000000000001,5.47,5.91,2.35,6.0,43.2,17.8,16.21,9.841612,1.699279,6.0684260000000005,
113,18700,0.222,5.47,6.09,2.63,6.0,43.2,17.8,17.09,9.836279,1.699279,6.0684260000000005,
114,18500,0.142,5.47,6.25,2.26,6.0,43.2,17.8,10.45,9.825526,1.699279,6.0684260000000005,
115,18300,0.171,5.47,5.93,2.46,6.0,43.2,17.8,15.76,9.814656,1.699279,6.0684260000000005,
116,21200,0.132,5.47,6.18,2.73,6.0,43.2,17.8,12.04,9.961757,1.699279,6.0684260000000005,
117,19200,0.151,5.47,6.02,2.75,6.0,43.2,17.8,10.3,9.862665,1.699279,6.0684260000000005,
118,20400,0.131,5.47,5.87,2.48,6.0,43.2,17.8,15.37,9.92329,1.699279,6.0684260000000005,
119,19300,0.145,5.81,5.73,2.76,6.0,43.2,17.8,13.61,9.867861,1.759581,6.0684260000000005,
120,22000,0.069,5.81,5.87,2.26,2.0,18.8,19.1,39.07,9.998797,1.759581,5.236442,
121,20300,0.07200000000000001,5.81,6.0,2.2,2.0,18.8,19.1,14.27,9.918376,1.759581,5.236442,
122,20500,0.09300000000000001,5.81,5.96,2.09,2.0,18.8,19.1,17.93,9.928180000000001,1.759581,5.236442,
123,17300,0.15,5.81,5.86,1.94,2.0,18.8,19.1,25.41,9.758462,1.759581,5.236442,
124,18800,0.098,5.81,5.88,2.01,2.0,18.8,19.1,17.58,9.841612,1.759581,5.236442,
125,21400,0.16899999999999998,5.81,5.99,1.99,2.0,18.8,19.1,14.81,9.971147,1.759581,5.236442,
126,15700,0.387,6.24,5.61,1.76,2.0,18.8,19.1,27.26,9.661416000000001,1.8309799999999998,5.236442,
127,16200,0.259,6.24,5.69,1.79,4.0,43.7,21.2,17.19,9.692766,1.8309799999999998,6.0799330000000005,
128,18000,0.325,6.24,6.43,1.81,4.0,43.7,21.2,15.39,9.798127000000001,1.8309799999999998,6.0799330000000005,
129,14300,0.8809999999999999,6.24,5.64,1.98,4.0,43.7,21.2,18.34,9.568014999999999,1.8309799999999998,6.0799330000000005,
130,19200,0.34,6.24,6.46,2.12,4.0,43.7,21.2,12.6,9.862665,1.8309799999999998,6.0799330000000005,
131,19600,1.193,6.24,6.33,2.27,4.0,43.7,21.2,12.26,9.883285,1.8309799999999998,6.0799330000000005,
132,23001,0.59,6.24,6.37,2.33,4.0,43.7,21.2,11.12,10.043289999999999,1.8309799999999998,6.0799330000000005,
133,18400,0.33,6.24,5.82,2.47,4.0,43.7,21.2,15.03,9.820106,1.8309799999999998,6.0799330000000005,
134,15600,0.976,6.24,5.76,2.35,4.0,43.7,21.2,17.31,9.655026,1.8309799999999998,6.0799330000000005,
135,18100,0.5579999999999999,6.24,6.33,2.11,4.0,43.7,21.2,16.96,9.803666999999999,1.8309799999999998,6.0799330000000005,
136,17400,0.32299999999999995,6.24,5.94,1.97,4.0,43.7,21.2,16.9,9.764225999999999,1.8309799999999998,6.0799330000000005,
137,17100,0.35200000000000004,6.24,6.45,1.85,4.0,43.7,21.2,14.59,9.746834,1.8309799999999998,6.0799330000000005,
138,13300,0.25,6.24,5.86,1.67,4.0,43.7,21.2,21.32,9.495519999999999,1.8309799999999998,6.0799330000000005,
139,17800,0.545,6.24,6.15,1.67,4.0,43.7,21.2,18.46,9.786954,1.8309799999999998,6.0799330000000005,
140,14000,0.29100000000000004,6.24,6.17,1.61,4.0,43.7,21.2,24.16,9.546813,1.8309799999999998,6.0799330000000005,
141,14400,1.629,6.24,5.02,1.44,4.0,43.7,21.2,34.41,9.574983999999999,1.8309799999999998,6.0799330000000005,
142,13400,3.321,8.71,5.4,1.32,5.0,40.3,14.7,26.82,9.50301,2.164472,5.998937000000001,
143,15600,4.0969999999999995,8.71,5.47,1.41,5.0,40.3,14.7,26.42,9.655026,2.164472,5.998937000000001,
144,11800,2.78,8.71,4.9,1.35,5.0,40.3,14.7,29.29,9.375853999999999,2.164472,5.998937000000001,
145,13800,2.379,8.71,6.13,1.42,5.0,40.3,14.7,27.8,9.532424,2.164472,5.998937000000001,
146,15600,2.155,8.71,5.63,1.52,5.0,40.3,14.7,16.65,9.655026,2.164472,5.998937000000001,
147,14600,2.369,8.71,4.93,1.46,5.0,40.3,14.7,29.53,9.588777,2.164472,5.998937000000001,
148,17794,2.331,8.71,5.19,1.53,5.0,40.3,14.7,28.32,9.786616,2.164472,5.998937000000001,
149,15400,2.734,8.71,5.6,1.53,5.0,40.3,14.7,21.45,9.642123,2.164472,5.998937000000001,
150,21500,1.6569999999999998,8.71,6.12,1.62,5.0,40.3,14.7,14.1,9.975808,2.164472,5.998937000000001,
151,19600,1.496,8.71,5.4,1.59,5.0,40.3,14.7,13.28,9.883285,2.164472,5.998937000000001,
152,15300,1.127,8.71,5.01,1.61,5.0,40.3,14.7,12.12,9.635608,2.164472,5.998937000000001,
153,19400,3.1489999999999996,8.71,5.71,1.62,5.0,40.3,14.7,15.79,9.873028999999999,2.164472,5.998937000000001,
154,17000,1.4140000000000001,8.71,6.13,1.75,5.0,40.3,14.7,15.12,9.740969,2.164472,5.998937000000001,
155,15600,3.535,8.71,6.15,1.75,5.0,40.3,14.7,15.02,9.655026,2.164472,5.998937000000001,
156,13100,2.447,8.71,5.27,1.74,5.0,40.3,14.7,16.14,9.480367999999999,2.164472,5.998937000000001,
157,41299,1.224,6.05,6.94,1.88,5.0,40.3,14.7,4.59,10.628589999999999,1.8000580000000002,5.998937000000001,
158,24299,1.3430000000000002,6.05,6.07,1.76,5.0,40.3,14.7,6.43,10.098189999999999,1.8000580000000002,5.998937000000001,
159,23300,1.425,8.71,6.51,1.77,5.0,40.3,14.7,7.39,10.05621,2.164472,5.998937000000001,
160,27000,1.273,6.05,6.25,1.8,5.0,40.3,14.7,5.5,10.20359,1.8000580000000002,5.998937000000001,
161,50001,1.463,6.05,7.49,1.97,5.0,40.3,14.7,1.73,10.8198,1.8000580000000002,5.998937000000001,
162,50001,1.834,6.05,7.8,2.04,5.0,40.3,14.7,1.92,10.8198,1.8000580000000002,5.998937000000001,
163,50001,1.5190000000000001,6.05,8.37,2.16,5.0,40.3,14.7,3.32,10.8198,1.8000580000000002,5.998937000000001,
164,22700,2.242,6.05,5.85,2.42,5.0,40.3,14.7,11.64,10.03012,1.8000580000000002,5.998937000000001,
165,24999,2.924,6.05,6.1,2.28,5.0,40.3,14.7,9.81,10.12659,1.8000580000000002,5.998937000000001,
166,50001,2.01,6.05,7.93,2.05,5.0,40.3,14.7,3.7,10.8198,1.8000580000000002,5.998937000000001,
167,23799,1.8,6.05,5.88,2.43,5.0,40.3,14.7,12.14,10.0774,1.8000580000000002,5.998937000000001,
168,23799,2.3,6.05,6.32,2.1,5.0,40.3,14.7,11.09,10.0774,1.8000580000000002,5.998937000000001,
169,22299,2.45,6.05,6.4,2.26,5.0,40.3,14.7,11.32,10.0123,1.8000580000000002,5.998937000000001,
170,17400,1.207,6.05,5.87,2.43,5.0,40.3,14.7,14.43,9.764225999999999,1.8000580000000002,5.998937000000001,
171,19100,2.314,6.05,5.88,2.39,5.0,40.3,14.7,12.03,9.857444000000001,1.8000580000000002,5.998937000000001,
172,23100,0.139,5.1,5.57,2.6,5.0,29.6,16.6,14.69,10.04759,1.629241,5.69036,
173,23600,0.092,5.1,6.42,2.65,5.0,29.6,16.6,9.04,10.068999999999999,1.629241,5.69036,
174,22600,0.084,5.1,5.86,2.7,5.0,29.6,16.6,9.64,10.02571,1.629241,5.69036,
175,29401,0.067,5.1,6.55,3.13,5.0,29.6,16.6,5.33,10.288780000000001,1.629241,5.69036,
176,23200,0.07,5.1,6.02,3.55,5.0,29.6,16.6,10.11,10.051910000000001,1.629241,5.69036,
177,24600,0.054000000000000006,5.1,6.31,3.3,5.0,29.6,16.6,6.29,10.1105,1.629241,5.69036,
178,29900,0.066,5.1,6.86,2.91,5.0,29.6,16.6,6.92,10.30561,1.629241,5.69036,
179,37201,0.057999999999999996,4.88,6.98,2.83,3.0,19.3,17.8,5.04,10.52409,1.585145,5.26269,
180,39799,0.066,4.88,7.76,2.74,3.0,19.3,17.8,7.56,10.5916,1.585145,5.26269,
181,36199,0.069,4.88,6.14,2.6,3.0,19.3,17.8,9.45,10.496789999999999,1.585145,5.26269,
182,37900,0.091,4.88,7.15,2.7,3.0,19.3,17.8,4.82,10.542710000000001,1.585145,5.26269,
183,32500,0.1,4.88,6.56,2.85,3.0,19.3,17.8,5.68,10.389000000000001,1.585145,5.26269,
184,26399,0.083,4.88,5.6,2.99,3.0,19.3,17.8,13.98,10.18108,1.585145,5.26269,
185,29599,0.06,4.88,6.15,3.28,3.0,19.3,17.8,13.15,10.2955,1.585145,5.26269,
186,50001,0.055999999999999994,4.88,7.83,3.2,3.0,19.3,17.8,4.45,10.8198,1.585145,5.26269,
187,32000,0.079,4.37,6.78,3.79,5.0,39.8,15.2,6.68,10.373489999999999,1.4747629999999998,5.986452,
188,29801,0.126,4.37,6.56,4.57,5.0,39.8,15.2,4.56,10.3023,1.4747629999999998,5.986452,
189,34899,0.084,4.37,7.18,4.57,5.0,39.8,15.2,5.39,10.46021,1.4747629999999998,5.986452,
190,37001,0.091,4.37,6.95,6.48,5.0,39.8,15.2,5.1,10.5187,1.4747629999999998,5.986452,
191,30501,0.069,4.37,6.74,6.48,5.0,39.8,15.2,4.69,10.325510000000001,1.4747629999999998,5.986452,
192,36399,0.087,4.37,7.18,6.48,5.0,39.8,15.2,2.87,10.5023,1.4747629999999998,5.986452,
193,31101,0.022000000000000002,4.01,6.8,6.22,1.0,26.5,15.6,5.03,10.345,1.3887909999999999,5.5797300000000005,
194,29100,0.013999999999999999,4.01,6.6,6.22,1.0,26.5,15.6,4.38,10.27849,1.3887909999999999,5.5797300000000005,
195,50001,0.013999999999999999,4.22,7.87,5.65,4.0,25.5,14.4,2.97,10.8198,1.439835,5.541264,
196,33300,0.04,4.04,7.29,7.31,2.0,32.9,12.6,4.08,10.413310000000001,1.3962450000000002,5.796058,
197,30300,0.047,4.04,7.11,7.31,2.0,32.9,12.6,8.61,10.3189,1.3962450000000002,5.796058,
198,34600,0.038,4.04,7.27,7.31,2.0,32.9,12.6,6.62,10.45161,1.3962450000000002,5.796058,
199,34899,0.032,4.03,6.97,7.65,3.0,40.2,17.0,4.56,10.46021,1.393766,5.996452,
200,32899,0.018000000000000002,4.03,7.13,7.65,3.0,40.2,17.0,4.45,10.4012,1.393766,5.996452,
201,24101,0.034,4.15,6.16,6.27,2.0,34.8,14.7,7.43,10.090010000000001,1.423108,5.852201999999999,
202,42302,0.022000000000000002,4.15,7.61,6.27,2.0,34.8,14.7,3.11,10.65259,1.423108,5.852201999999999,
203,48499,0.035,4.16,7.85,5.12,4.0,22.4,14.7,3.81,10.7893,1.4255149999999999,5.411646,
204,50001,0.02,4.16,8.03,5.12,4.0,22.4,14.7,2.88,10.8198,1.4255149999999999,5.411646,
205,22600,0.136,4.89,5.89,3.95,4.0,27.7,18.6,10.87,10.02571,1.587192,5.624018,
206,24399,0.23,4.89,6.33,4.35,4.0,27.7,18.6,10.97,10.1023,1.587192,5.624018,
207,22501,0.252,4.89,5.78,4.35,4.0,27.7,18.6,18.06,10.02131,1.587192,5.624018,
208,24399,0.136,4.89,6.06,4.24,4.0,27.7,18.6,14.66,10.1023,1.587192,5.624018,
209,20000,0.436,4.89,5.34,3.87,4.0,27.7,18.6,23.09,9.903487,1.587192,5.624018,
210,21700,0.174,4.89,5.96,3.88,4.0,27.7,18.6,17.27,9.985066999999999,1.587192,5.624018,
211,19300,0.376,4.89,5.4,3.67,4.0,27.7,18.6,23.98,9.867861,1.587192,5.624018,
212,22400,0.217,4.89,5.81,3.65,4.0,27.7,18.6,16.03,10.01682,1.587192,5.624018,
213,28099,0.141,4.89,6.37,3.95,4.0,27.7,18.6,9.38,10.24349,1.587192,5.624018,
214,23699,0.29,4.89,5.41,3.59,4.0,27.7,18.6,29.55,10.073189999999999,1.587192,5.624018,
215,24999,0.198,4.89,6.18,3.95,4.0,27.7,18.6,9.47,10.12659,1.587192,5.624018,
216,23300,0.046,5.5,5.89,3.11,5.0,27.6,16.4,13.51,10.05621,1.704748,5.620401,
217,28701,0.07,5.5,6.64,3.42,5.0,27.6,16.4,9.69,10.26469,1.704748,5.620401,
218,21500,0.111,5.5,5.95,2.89,5.0,27.6,16.4,17.92,9.975808,1.704748,5.620401,
219,23001,0.114,5.5,6.37,3.36,5.0,27.6,16.4,10.5,10.043289999999999,1.704748,5.620401,
220,26699,0.358,5.07,6.95,2.86,8.0,30.7,16.4,9.71,10.19238,1.623341,5.726848,
221,21700,0.408,5.07,6.16,3.05,8.0,30.7,17.4,21.46,9.985066999999999,1.623341,5.726848,
222,27499,0.624,5.07,6.88,3.27,8.0,30.7,17.4,9.93,10.2219,1.623341,5.726848,
223,30101,0.615,5.07,6.62,3.27,8.0,30.7,17.4,7.6,10.31231,1.623341,5.726848,
224,44802,0.315,5.04,8.27,2.89,8.0,30.7,17.4,4.14,10.71001,1.617406,5.726848,
225,50001,0.523,5.04,8.72,2.89,8.0,30.7,17.4,4.92,10.8198,1.617406,5.726848,
226,37602,0.382,5.04,8.04,3.22,8.0,30.7,17.4,3.13,10.53481,1.617406,5.726848,
227,31600,0.41200000000000003,5.04,7.16,3.22,8.0,30.7,17.4,6.36,10.36091,1.617406,5.726848,
228,46700,0.298,5.04,7.69,3.38,8.0,30.7,17.4,3.92,10.7515,1.617406,5.726848,
229,31499,0.442,5.04,6.55,3.38,8.0,30.7,17.4,3.76,10.35771,1.617406,5.726848,
230,24299,0.537,5.04,5.98,3.67,8.0,30.7,17.4,11.65,10.098189999999999,1.617406,5.726848,
231,31701,0.46299999999999997,5.04,7.41,3.67,8.0,30.7,17.4,5.25,10.3641,1.617406,5.726848,
232,41702,0.575,5.07,8.34,3.84,8.0,30.7,17.4,2.47,10.6383,1.623341,5.726848,
233,48301,0.331,5.07,8.25,3.65,8.0,30.7,17.4,3.95,10.785210000000001,1.623341,5.726848,
234,29001,0.44799999999999995,5.07,6.73,3.65,8.0,30.7,17.4,8.05,10.275089999999999,1.623341,5.726848,
235,24000,0.33,5.07,6.09,3.65,8.0,30.7,17.4,10.88,10.08581,1.623341,5.726848,
236,25099,0.521,5.07,6.63,4.15,8.0,30.7,17.4,9.54,10.13058,1.623341,5.726848,
237,31499,0.512,5.07,7.36,4.15,8.0,30.7,17.4,4.73,10.35771,1.623341,5.726848,
238,23699,0.08199999999999999,4.28,6.48,6.19,6.0,30.0,16.6,6.36,10.073189999999999,1.453953,5.7037830000000005,
239,23300,0.09300000000000001,4.28,6.61,6.19,6.0,30.0,16.6,7.37,10.05621,1.453953,5.7037830000000005,
240,22000,0.113,4.28,6.9,6.34,6.0,30.0,16.6,11.38,9.998797,1.453953,5.7037830000000005,
241,20100,0.106,4.28,6.09,6.34,6.0,30.0,16.6,12.4,9.908475,1.453953,5.7037830000000005,
242,22199,0.10300000000000001,4.28,6.36,7.04,6.0,30.0,16.6,11.22,10.0078,1.453953,5.7037830000000005,
243,23699,0.126,4.28,6.39,7.04,6.0,30.0,16.6,5.19,10.073189999999999,1.453953,5.7037830000000005,
244,17600,0.20600000000000002,4.31,5.59,7.95,7.0,33.0,19.1,12.5,9.775654,1.4609379999999998,5.799093,
245,18500,0.191,4.31,5.6,7.95,7.0,33.0,19.1,18.46,9.825526,1.4609379999999998,5.799093,
246,24299,0.34,4.31,6.11,8.06,7.0,33.0,19.1,9.16,10.098189999999999,1.4609379999999998,5.799093,
247,20500,0.19699999999999998,4.31,6.23,8.06,7.0,33.0,19.1,10.15,9.928180000000001,1.4609379999999998,5.799093,
248,24499,0.16399999999999998,4.31,6.43,7.83,7.0,33.0,19.1,9.52,10.10639,1.4609379999999998,5.799093,
249,26200,,,6.72,7.83,,,19.1,,,1.4609379999999998,,
250,24399,0.14,4.31,6.49,7.4,7.0,33.0,19.1,5.9,10.1023,1.4609379999999998,5.799093,
251,24800,0.214,4.31,6.44,7.4,7.0,33.0,19.1,3.59,10.1186,1.4609379999999998,5.799093,
252,29599,0.08199999999999999,4.31,6.96,8.91,7.0,33.0,19.1,3.53,10.2955,1.4609379999999998,5.799093,
253,42800,0.369,4.31,8.26,8.91,7.0,33.0,19.1,3.54,10.66429,1.4609379999999998,5.799093,
254,21900,0.048,3.92,6.11,9.22,1.0,31.5,16.4,6.57,9.994242,1.366092,5.752573,
255,20900,0.035,3.92,5.88,9.22,1.0,31.5,16.4,9.25,9.947503999999999,1.366092,5.752573,
256,43998,0.015,3.94,7.45,6.34,3.0,24.4,15.9,3.11,10.6919,1.371181,5.497168,
257,50001,0.612,6.47,8.7,1.8,5.0,26.4,13.0,5.12,10.8198,1.867176,5.575949,
258,36001,0.664,6.47,7.33,1.89,5.0,26.4,13.0,7.79,10.4913,1.867176,5.575949,
259,30101,0.657,6.47,6.84,2.01,5.0,26.4,13.0,6.9,10.31231,1.867176,5.575949,
260,33799,0.54,6.47,7.2,2.11,5.0,26.4,13.0,9.59,10.428189999999999,1.867176,5.575949,
261,43101,0.534,6.47,7.52,2.14,5.0,26.4,13.0,7.26,10.6713,1.867176,5.575949,
262,48801,0.52,6.47,8.4,2.29,5.0,26.4,13.0,5.91,10.79551,1.867176,5.575949,
263,30999,0.825,6.47,7.33,2.08,5.0,26.4,13.0,11.25,10.34171,1.867176,5.575949,
264,36501,0.55,6.47,7.21,1.93,5.0,26.4,13.0,8.1,10.50509,1.867176,5.575949,
265,22800,0.762,6.47,5.56,1.99,5.0,26.4,13.0,10.45,10.03452,1.867176,5.575949,
266,30699,0.7859999999999999,6.47,7.01,2.13,5.0,26.4,13.0,14.79,10.33199,1.867176,5.575949,
267,50001,0.578,5.75,8.3,2.42,5.0,26.4,13.0,7.44,10.8198,1.7492,5.575949,
268,43499,0.54,5.75,7.47,2.87,5.0,26.4,13.0,3.16,10.680489999999999,1.7492,5.575949,
269,20700,0.091,4.64,5.92,3.92,3.0,22.3,18.6,13.65,9.937889,1.534714,5.407172,
270,21100,0.299,4.64,5.86,4.43,3.0,22.3,18.6,13.0,9.957028,1.534714,5.407172,
271,25200,0.162,4.64,6.24,4.43,3.0,22.3,18.6,6.59,10.1346,1.534714,5.407172,
272,24399,0.115,4.64,6.54,3.92,3.0,22.3,18.6,7.73,10.1023,1.534714,5.407172,
273,35200,0.222,4.64,7.69,4.37,3.0,22.3,18.6,6.58,10.4688,1.534714,5.407172,
274,32400,0.055999999999999994,4.47,6.76,4.08,4.0,25.4,17.6,3.53,10.38591,1.497388,5.5373339999999995,
275,32000,0.096,4.47,6.85,4.27,4.0,25.4,17.6,2.98,10.373489999999999,1.497388,5.5373339999999995,
276,33200,0.105,4.47,7.27,4.79,4.0,25.4,17.6,6.05,10.41031,1.497388,5.5373339999999995,
277,33100,0.061,4.47,6.83,4.86,4.0,25.4,17.6,4.16,10.40729,1.497388,5.5373339999999995,
278,29100,0.08,4.47,6.48,4.14,4.0,25.4,17.6,7.19,10.27849,1.497388,5.5373339999999995,
279,35102,0.21,4.43,6.81,4.1,5.0,21.6,14.9,4.85,10.46601,1.4884,5.375278,
280,45401,,,7.82,4.69,,,14.9,,,1.4884,,
281,35401,0.037000000000000005,4.43,6.97,5.24,5.0,21.6,14.9,4.59,10.47449,1.4884,5.375278,
282,46000,0.061,4.43,7.64,5.21,5.0,21.6,14.9,3.01,10.7364,1.4884,5.375278,
283,50001,0.015,4.01,7.92,5.89,1.0,19.8,13.6,3.16,10.8198,1.3887909999999999,5.288266999999999,
284,32199,0.009000000000000001,4.0,7.09,7.31,1.0,28.5,15.3,7.85,10.37969,1.3862940000000001,5.652489,
285,22000,0.011000000000000001,3.89,6.45,7.31,1.0,30.0,15.3,8.23,9.998797,1.358409,5.7037830000000005,
286,20100,0.02,3.85,6.23,9.09,1.0,24.1,18.2,12.93,9.908475,1.3480729999999999,5.484797,
287,23200,0.039,4.05,6.21,7.32,6.0,29.3,16.6,7.14,10.051910000000001,1.398717,5.680172,
288,22299,0.046,4.05,6.31,7.32,6.0,29.3,16.6,7.6,10.0123,1.398717,5.680172,
289,24800,0.043,4.05,6.56,7.32,6.0,29.3,16.6,9.51,10.1186,1.398717,5.680172,
290,28501,0.035,4.11,6.86,5.12,4.0,24.5,19.2,3.33,10.25769,1.4134229999999999,5.501258,
291,37298,0.079,4.11,7.15,5.12,4.0,24.5,19.2,3.56,10.5267,1.4134229999999999,5.501258,
292,27901,0.036000000000000004,4.11,6.63,5.12,4.0,24.5,19.2,4.7,10.236419999999999,1.4134229999999999,5.501258,
293,23899,0.083,4.37,6.13,5.5,4.0,28.9,16.0,8.58,10.08159,1.4747629999999998,5.666427,
294,21700,0.08199999999999999,4.37,6.01,5.5,4.0,28.9,16.0,10.4,9.985066999999999,1.4747629999999998,5.666427,
295,28601,0.129,4.37,6.68,5.96,4.0,28.9,16.0,6.27,10.2612,1.4747629999999998,5.666427,
296,27100,0.054000000000000006,4.37,6.55,5.96,4.0,28.9,16.0,7.39,10.207289999999999,1.4747629999999998,5.666427,
297,20300,0.141,4.37,5.79,6.32,4.0,28.9,16.0,15.84,9.918376,1.4747629999999998,5.666427,
298,22501,0.065,4.0,6.34,7.83,5.0,35.8,14.8,4.97,10.02131,1.3862940000000001,5.880533,
299,29001,0.055999999999999994,4.0,7.04,7.83,5.0,35.8,14.8,4.74,10.275089999999999,1.3862940000000001,5.880533,
300,24800,0.044000000000000004,4.0,6.87,7.83,5.0,35.8,14.8,6.07,10.1186,1.3862940000000001,5.880533,
301,22000,0.035,4.33,6.59,5.49,7.0,32.9,16.1,9.5,9.998797,1.465567,5.796058,
302,26399,0.09300000000000001,4.33,6.49,5.49,7.0,32.9,16.1,8.67,10.18108,1.465567,5.796058,
303,33100,0.1,4.72,6.98,5.49,7.0,32.9,16.1,4.86,10.40729,1.551809,5.796058,
304,36098,0.055,4.72,7.24,4.02,7.0,22.2,18.4,6.93,10.49399,1.551809,5.402678,
305,28399,,,6.62,3.37,,,18.4,,,1.551809,,
306,33400,0.075,4.72,7.42,3.1,7.0,22.2,18.4,6.47,10.416310000000001,1.551809,5.402678,
307,28201,0.049,4.72,6.85,3.18,7.0,22.2,18.4,7.53,10.247110000000001,1.551809,5.402678,
308,22800,0.493,5.44,6.63,3.32,4.0,30.4,18.4,4.54,10.03452,1.6937790000000001,5.717028,
309,20300,0.349,5.44,5.97,3.1,4.0,30.4,18.4,9.97,9.918376,1.6937790000000001,5.717028,
310,16100,2.635,5.44,4.97,2.52,4.0,30.4,18.4,12.64,9.686575,1.6937790000000001,5.717028,
311,22099,0.79,5.44,6.12,2.64,4.0,30.4,18.4,5.98,10.00329,1.6937790000000001,5.717028,
312,19400,0.262,5.44,6.02,2.83,4.0,30.4,18.4,11.72,9.873028999999999,1.6937790000000001,5.717028,
313,21600,0.26899999999999996,5.44,6.27,3.26,4.0,30.4,18.4,7.9,9.980449,1.6937790000000001,5.717028,
314,23799,0.369,5.44,6.57,3.6,4.0,30.4,18.4,9.28,10.0774,1.6937790000000001,5.717028,
315,16200,0.254,5.44,5.7,3.95,4.0,30.4,18.4,11.5,9.692766,1.6937790000000001,5.717028,
316,17800,0.318,5.44,5.91,4.0,4.0,30.4,18.4,18.33,9.786954,1.6937790000000001,5.717028,
317,19800,0.245,5.44,5.78,4.03,4.0,30.4,18.4,15.94,9.893436999999999,1.6937790000000001,5.717028,
318,23100,0.402,5.44,6.38,3.53,4.0,30.4,18.4,10.36,10.04759,1.6937790000000001,5.717028,
319,21000,0.475,5.44,6.11,4.0,4.0,30.4,18.4,12.73,9.952278,1.6937790000000001,5.717028,
320,23799,0.168,4.93,6.43,4.54,5.0,28.7,19.6,7.2,10.0774,1.5953389999999998,5.659482,
321,23100,0.182,4.93,6.38,4.54,5.0,28.7,19.6,6.87,10.04759,1.5953389999999998,5.659482,
322,20400,0.35100000000000003,4.93,6.04,4.72,5.0,28.7,19.6,7.7,9.92329,1.5953389999999998,5.659482,
323,18500,0.284,4.93,5.71,4.72,5.0,28.7,19.6,11.74,9.825526,1.5953389999999998,5.659482,
324,24999,0.341,4.93,6.41,4.72,5.0,28.7,19.6,6.12,10.12659,1.5953389999999998,5.659482,
325,24600,0.192,4.93,6.43,5.42,5.0,28.7,19.6,5.08,10.1105,1.5953389999999998,5.659482,
326,23001,0.303,4.93,6.31,5.42,5.0,28.7,19.6,6.15,10.043289999999999,1.5953389999999998,5.659482,
327,22199,0.24100000000000002,4.93,6.08,5.42,5.0,28.7,19.6,12.79,10.0078,1.5953389999999998,5.659482,
328,19300,0.066,4.6,5.87,5.21,4.0,43.0,16.9,9.97,9.867861,1.5260559999999999,6.063785,
329,22600,0.067,4.6,6.33,5.21,4.0,43.0,16.9,7.34,10.02571,1.5260559999999999,6.063785,
330,19800,0.045,4.6,6.14,5.87,4.0,43.0,16.9,9.09,9.893436999999999,1.5260559999999999,6.063785,
331,17100,0.05,4.38,5.71,6.64,1.0,30.4,16.9,12.43,9.746834,1.477049,5.717028,
332,19400,0.035,4.38,6.03,7.27,1.0,30.4,16.9,7.83,9.873028999999999,1.477049,5.717028,
333,22199,0.051,5.15,6.32,6.46,5.0,22.4,20.2,5.68,10.0078,1.638997,5.411646,
334,20700,0.037000000000000005,5.15,6.31,6.46,5.0,22.4,20.2,6.75,9.937889,1.638997,5.411646,
335,21100,0.04,5.15,6.04,5.99,5.0,22.4,20.2,8.01,9.957028,1.638997,5.411646,
336,19500,0.034,5.15,5.87,5.23,5.0,22.4,20.2,9.8,9.878169999999999,1.638997,5.411646,
337,18500,0.03,5.15,5.89,5.61,5.0,22.4,20.2,10.56,9.825526,1.638997,5.411646,
338,20548,0.033,5.15,6.06,4.81,5.0,22.4,20.2,8.51,9.930519,1.638997,5.411646,
339,19000,,,5.98,4.81,,,20.2,,,1.638997,,
340,18700,0.062,5.15,5.97,4.81,5.0,22.4,20.2,9.29,9.836279,1.638997,5.411646,
341,32778,0.013000000000000001,4.42,7.24,7.04,1.0,28.4,15.5,5.49,10.39751,1.48614,5.648974,
342,16500,0.025,5.18,6.54,6.27,1.0,42.2,15.9,8.65,9.711116,1.6448049999999999,6.045005000000001,
343,23899,0.025,4.84,6.7,5.73,5.0,37.0,17.6,7.18,10.08159,1.576915,5.9135029999999995,
344,31201,0.03,4.84,6.87,6.47,5.0,37.0,17.6,4.61,10.34821,1.576915,5.9135029999999995,
345,17500,0.031,4.42,6.01,8.01,3.0,35.2,18.8,10.53,9.769957000000002,1.48614,5.863631,
346,17200,0.062,4.42,5.9,8.01,3.0,35.2,18.8,12.67,9.752664999999999,1.48614,5.863631,
347,23100,0.019,4.29,6.52,8.54,4.0,35.1,17.9,6.36,10.04759,1.456287,5.860786,
348,24499,0.015,4.35,6.63,8.34,4.0,28.0,17.0,5.99,10.10639,1.470176,5.634789,
349,26601,0.028999999999999998,4.29,6.94,8.79,1.0,33.5,19.7,5.89,10.1887,1.456287,5.8141300000000005,
350,22900,0.062,4.29,6.49,8.79,1.0,33.5,19.7,5.98,10.038889999999999,1.456287,5.8141300000000005,
351,24101,0.079,4.11,6.58,10.71,4.0,41.1,18.3,5.49,10.090010000000001,1.4134229999999999,6.018593,
352,18600,0.07200000000000001,4.11,5.88,10.71,4.0,41.1,18.3,7.79,9.830916,1.4134229999999999,6.018593,
353,30101,0.017,4.1,6.73,12.13,5.0,18.7,17.0,4.5,10.31231,1.410987,5.231109,
354,18200,0.043,4.13,5.66,10.59,4.0,33.4,22.0,8.05,9.809175999999999,1.418277,5.811141,
355,20600,0.107,4.13,5.94,10.59,4.0,33.4,22.0,5.57,9.933046000000001,1.418277,5.811141,
356,17794,8.982999999999999,7.7,6.21,2.12,24.0,66.6,20.2,17.6,9.786616,2.04122,6.50129,
357,21700,3.85,7.7,6.39,2.51,24.0,66.6,20.2,13.27,9.985066999999999,2.04122,6.50129,
358,22700,5.202000000000001,7.7,6.13,2.72,24.0,66.6,20.2,11.48,10.03012,2.04122,6.50129,
359,22600,4.261,7.7,6.11,2.51,24.0,66.6,20.2,12.67,10.02571,2.04122,6.50129,
360,24999,4.542,7.7,6.4,2.52,24.0,66.6,20.2,7.79,10.12659,2.04122,6.50129,
361,19900,3.8369999999999997,7.7,6.25,2.3,24.0,66.6,20.2,14.19,9.898475,2.04122,6.50129,
362,20800,3.678,7.7,5.36,2.1,24.0,66.6,20.2,10.19,9.942708,2.04122,6.50129,
363,16800,4.2219999999999995,7.7,5.8,1.9,24.0,66.6,20.2,14.64,9.729135000000001,2.04122,6.50129,
364,21900,3.4739999999999998,7.18,8.78,1.9,24.0,66.6,20.2,5.29,9.994242,1.9712990000000001,6.50129,
365,27499,4.556,7.18,3.56,1.61,24.0,66.6,20.2,7.12,10.2219,1.9712990000000001,6.50129,
366,21900,3.697,7.18,4.96,1.75,24.0,66.6,20.2,14.0,9.994242,1.9712990000000001,6.50129,
367,23100,13.522,6.31,3.86,1.51,24.0,66.6,20.2,13.33,10.04759,1.842136,6.50129,
368,50001,4.898,6.31,4.97,1.33,24.0,66.6,20.2,3.26,10.8198,1.842136,6.50129,
369,50001,5.67,6.31,6.68,1.36,24.0,66.6,20.2,3.73,10.8198,1.842136,6.50129,
370,50001,6.539,6.31,7.02,1.2,24.0,66.6,20.2,2.96,10.8198,1.842136,6.50129,
371,50001,9.232000000000001,6.31,6.22,1.17,24.0,66.6,20.2,9.53,10.8198,1.842136,6.50129,
372,50001,8.267000000000001,6.68,5.87,1.13,24.0,66.6,20.2,8.88,10.8198,1.899118,6.50129,
373,13800,11.107999999999999,6.68,4.91,1.17,24.0,66.6,20.2,34.77,9.532424,1.899118,6.50129,
374,13800,18.498,6.68,4.14,1.14,24.0,66.6,20.2,37.97,9.532424,1.899118,6.50129,
375,15000,19.609,6.71,7.31,1.32,24.0,66.6,20.2,13.44,9.615806,1.9035990000000003,6.50129,
376,13900,15.288,6.71,6.65,1.34,24.0,66.6,20.2,23.24,9.539644000000001,1.9035990000000003,6.50129,
377,13300,9.823,6.71,6.79,1.36,24.0,66.6,20.2,21.24,9.495519999999999,1.9035990000000003,6.50129,
378,13100,23.648000000000003,6.71,6.38,1.39,24.0,66.6,20.2,23.69,9.480367999999999,1.9035990000000003,6.50129,
379,10200,17.867,6.71,6.22,1.39,24.0,66.6,20.2,21.78,9.230143,1.9035990000000003,6.50129,
380,10400,88.976,6.71,6.97,1.42,24.0,66.6,20.2,17.21,9.249561,1.9035990000000003,6.50129,
381,10900,15.874,6.71,6.54,1.52,24.0,66.6,20.2,21.08,9.296517999999999,1.9035990000000003,6.50129,
382,11300,9.187000000000001,7.0,5.54,1.58,24.0,66.6,20.2,23.6,9.332558,1.9459099999999998,6.50129,
383,12300,7.992000000000001,7.0,5.52,1.53,24.0,66.6,20.2,24.56,9.417355,1.9459099999999998,6.50129,
384,8800,20.085,7.0,4.37,1.44,24.0,66.6,20.2,30.63,9.082507000000001,1.9459099999999998,6.50129,
385,7200,16.812,7.0,5.28,1.43,24.0,66.6,20.2,30.81,8.881836,1.9459099999999998,6.50129,
386,10500,24.394000000000002,7.0,4.65,1.47,24.0,66.6,20.2,28.28,9.25913,1.9459099999999998,6.50129,
387,7400,22.596999999999998,7.0,5.0,1.52,24.0,66.6,20.2,31.99,8.909235,1.9459099999999998,6.50129,
388,10200,14.334000000000001,7.0,4.88,1.59,24.0,66.6,20.2,30.62,9.230143,1.9459099999999998,6.50129,
389,11500,8.152000000000001,7.0,5.39,1.73,24.0,66.6,20.2,20.85,9.350102,1.9459099999999998,6.50129,
390,15100,6.962000000000001,7.0,5.71,1.93,24.0,66.6,20.2,17.11,9.62245,1.9459099999999998,6.50129,
391,23200,5.292999999999999,7.0,6.05,2.17,24.0,66.6,20.2,18.76,10.051910000000001,1.9459099999999998,6.50129,
392,9700,11.578,7.0,5.04,1.77,24.0,66.6,20.2,25.68,9.179881,1.9459099999999998,6.50129,
393,13800,8.645,6.93,6.19,1.79,24.0,66.6,20.2,15.17,9.532424,1.93586,6.50129,
394,12700,13.36,6.93,5.89,1.78,24.0,66.6,20.2,16.35,9.449357000000001,1.93586,6.50129,
395,13100,8.717,6.93,6.47,1.73,24.0,66.6,20.2,17.12,9.480367999999999,1.93586,6.50129,
396,12500,5.872000000000001,6.93,6.4,1.68,24.0,66.6,20.2,19.37,9.433484,1.93586,6.50129,
397,8500,7.672000000000001,6.93,5.75,1.63,24.0,66.6,20.2,19.92,9.047821,1.93586,6.50129,
398,5000,38.352,6.93,5.45,1.49,24.0,66.6,20.2,30.59,8.517192999999999,1.93586,6.50129,
399,6300,9.917,6.93,5.85,1.5,24.0,66.6,20.2,29.97,8.748305,1.93586,6.50129,
400,5600,25.046,6.93,5.99,1.59,24.0,66.6,20.2,27.04,8.630522000000001,1.93586,6.50129,
401,7200,14.235999999999999,6.93,6.34,1.57,24.0,66.6,20.2,20.32,8.881836,1.93586,6.50129,
402,12100,9.596,6.93,6.4,1.64,24.0,66.6,20.2,20.31,9.400961,1.93586,6.50129,
403,8300,24.802,6.93,5.35,1.7,24.0,66.6,20.2,19.77,9.024011,1.93586,6.50129,
404,8500,41.528999999999996,6.93,5.53,1.61,24.0,66.6,20.2,27.38,9.047821,1.93586,6.50129,
405,5000,67.921,6.93,5.68,1.43,24.0,66.6,20.2,22.98,8.517192999999999,1.93586,6.50129,
406,11900,20.715999999999998,6.59,4.14,1.18,24.0,66.6,20.2,23.34,9.384294,1.8855529999999998,6.50129,
407,27901,11.950999999999999,6.59,5.61,1.29,24.0,66.6,20.2,12.13,10.236419999999999,1.8855529999999998,6.50129,
408,17200,7.404,5.97,5.62,1.45,24.0,66.6,20.2,26.4,9.752664999999999,1.786747,6.50129,
409,27499,14.437999999999999,5.97,6.85,1.47,24.0,66.6,20.2,19.78,10.2219,1.786747,6.50129,
410,15000,51.136,5.97,5.76,1.41,24.0,66.6,20.2,10.11,9.615806,1.786747,6.50129,
411,17200,14.050999999999998,5.97,6.66,1.53,24.0,66.6,20.2,21.22,9.752664999999999,1.786747,6.50129,
412,17900,18.811,5.97,4.63,1.55,24.0,66.6,20.2,34.37,9.792556,1.786747,6.50129,
413,16300,26.656,5.97,5.15,1.59,24.0,66.6,20.2,20.08,9.69892,1.786747,6.50129,
414,7012,45.746,6.93,4.52,1.66,24.0,66.6,20.2,36.98,8.855378,1.93586,6.50129,
415,7200,18.085,6.79,6.43,1.83,24.0,66.6,20.2,29.05,8.881836,1.9154509999999998,6.50129,
416,7500,10.834000000000001,6.79,6.78,1.82,24.0,66.6,20.2,25.79,8.922658,1.9154509999999998,6.50129,
417,10400,25.941,6.79,5.3,1.65,24.0,66.6,20.2,26.64,9.249561,1.9154509999999998,6.50129,
418,8800,73.53399999999999,6.79,5.96,1.8,24.0,66.6,20.2,20.62,9.082507000000001,1.9154509999999998,6.50129,
419,8400,11.812000000000001,7.18,6.82,1.79,24.0,66.6,20.2,22.74,9.035986999999999,1.9712990000000001,6.50129,
420,16700,11.087,7.18,6.41,1.86,24.0,66.6,20.2,15.02,9.723164,1.9712990000000001,6.50129,
421,14200,7.023,7.18,6.01,1.87,24.0,66.6,20.2,15.7,9.560997,1.9712990000000001,6.50129,
422,20800,12.048,6.14,5.65,1.95,24.0,66.6,20.2,14.1,9.942708,1.814825,6.50129,
423,13400,7.05,6.14,6.1,2.02,24.0,66.6,20.2,23.29,9.50301,1.814825,6.50129,
424,11700,8.792,5.84,5.56,2.06,24.0,66.6,20.2,17.16,9.367344000000001,1.764731,6.50129,
425,8300,15.86,6.79,5.9,1.91,24.0,66.6,20.2,24.39,9.024011,1.9154509999999998,6.50129,
426,10200,12.247,5.84,5.84,2.0,24.0,66.6,20.2,15.69,9.230143,1.764731,6.50129,
427,10900,37.662,6.79,6.2,1.86,24.0,66.6,20.2,14.52,9.296517999999999,1.9154509999999998,6.50129,
428,11000,7.367000000000001,6.79,6.19,1.94,24.0,66.6,20.2,21.52,9.305651,1.9154509999999998,6.50129,
429,9500,9.339,6.79,6.38,1.97,24.0,66.6,20.2,24.08,9.159047,1.9154509999999998,6.50129,
430,14500,8.492,5.84,6.35,2.05,24.0,66.6,20.2,17.64,9.581903,1.764731,6.50129,
431,14100,10.062000000000001,5.84,6.83,2.09,24.0,66.6,20.2,19.69,9.553930000000001,1.764731,6.50129,
432,16100,6.444,5.84,6.42,2.2,24.0,66.6,20.2,12.03,9.686575,1.764731,6.50129,
433,14300,5.581,7.13,6.44,2.32,24.0,66.6,20.2,16.22,9.568014999999999,1.9643110000000001,6.50129,
434,11700,13.913,7.13,6.21,2.22,24.0,66.6,20.2,15.17,9.367344000000001,1.9643110000000001,6.50129,
435,13400,11.16,7.4,6.63,2.12,24.0,66.6,20.2,23.27,9.50301,2.00148,6.50129,
436,9600,14.421,7.4,6.46,2.0,24.0,66.6,20.2,18.05,9.169518,2.00148,6.50129,
437,8700,15.177,7.4,6.15,1.91,24.0,66.6,20.2,26.45,9.071078,2.00148,6.50129,
438,8400,13.677999999999999,7.4,5.93,1.82,24.0,66.6,20.2,34.02,9.035986999999999,2.00148,6.50129,
439,12800,9.391,7.4,5.63,1.82,24.0,66.6,20.2,22.88,9.4572,2.00148,6.50129,
440,10500,22.051,7.4,5.82,1.87,24.0,66.6,20.2,22.11,9.25913,2.00148,6.50129,
441,17100,9.724,7.4,6.41,2.07,24.0,66.6,20.2,19.52,9.746834,2.00148,6.50129,
442,18400,5.666,7.4,6.22,2.0,24.0,66.6,20.2,16.59,9.820106,2.00148,6.50129,
443,15400,9.967,7.4,6.48,1.98,24.0,66.6,20.2,18.85,9.642123,2.00148,6.50129,
444,10800,12.802,7.4,5.85,1.9,24.0,66.6,20.2,23.79,9.287301,2.00148,6.50129,
445,11800,10.672,7.4,6.46,1.99,24.0,66.6,20.2,23.98,9.375853999999999,2.00148,6.50129,
446,14900,6.287999999999999,7.4,6.34,2.07,24.0,66.6,20.2,17.79,9.609117,2.00148,6.50129,
447,12600,9.925,7.4,6.25,2.2,24.0,66.6,20.2,16.44,9.441452,2.00148,6.50129,
448,14100,9.329,7.13,6.18,2.26,24.0,66.6,20.2,18.13,9.553930000000001,1.9643110000000001,6.50129,
449,13000,7.526,7.13,6.42,2.19,24.0,66.6,20.2,19.31,9.472705,1.9643110000000001,6.50129,
450,13400,6.718,7.13,6.75,2.32,24.0,66.6,20.2,17.44,9.50301,1.9643110000000001,6.50129,
451,15200,5.441,7.13,6.65,2.36,24.0,66.6,20.2,17.73,9.62905,1.9643110000000001,6.50129,
452,16100,5.09,7.13,6.3,2.37,24.0,66.6,20.2,17.27,9.686575,1.9643110000000001,6.50129,
453,17794,8.248,7.13,7.39,2.45,24.0,66.6,20.2,16.74,9.786616,1.9643110000000001,6.50129,
454,14900,9.514,7.13,6.73,2.5,24.0,66.6,20.2,18.71,9.609117,1.9643110000000001,6.50129,
455,14100,4.752,7.13,6.52,2.44,24.0,66.6,20.2,18.13,9.553930000000001,1.9643110000000001,6.50129,
456,12700,4.669,7.13,5.98,2.58,24.0,66.6,20.2,19.01,9.449357000000001,1.9643110000000001,6.50129,
457,13500,8.201,7.13,5.94,2.78,24.0,66.6,20.2,16.94,9.510444999999999,1.9643110000000001,6.50129,
458,14900,7.752000000000001,7.13,6.3,2.78,24.0,66.6,20.2,16.23,9.609117,1.9643110000000001,6.50129,
459,20000,6.801,7.13,6.08,2.72,24.0,66.6,20.2,14.7,9.903487,1.9643110000000001,6.50129,
460,16400,4.812,7.13,6.7,2.6,24.0,66.6,20.2,16.42,9.705036,1.9643110000000001,6.50129,
461,17700,3.693,7.13,6.37,2.57,24.0,66.6,20.2,14.65,9.78132,1.9643110000000001,6.50129,
462,19500,6.655,7.13,6.32,2.73,24.0,66.6,20.2,13.99,9.878169999999999,1.9643110000000001,6.50129,
463,20200,5.821000000000001,7.13,6.51,2.8,24.0,66.6,20.2,10.29,9.913438000000001,1.9643110000000001,6.50129,
464,21400,7.8389999999999995,6.55,6.21,2.96,24.0,66.6,20.2,13.22,9.971147,1.8794650000000002,6.50129,
465,19900,3.1660000000000004,6.55,5.76,3.07,24.0,66.6,20.2,14.13,9.898475,1.8794650000000002,6.50129,
466,19000,3.775,6.55,5.95,2.87,24.0,66.6,20.2,17.15,9.852194,1.8794650000000002,6.50129,
467,19100,4.422,5.84,6.0,2.54,24.0,66.6,20.2,21.32,9.857444000000001,1.764731,6.50129,
468,17052,15.575999999999999,5.8,5.93,2.91,24.0,66.6,20.2,18.13,9.744022,1.7578580000000001,6.50129,
469,20100,13.075,5.8,5.71,2.82,24.0,66.6,20.2,14.67,9.908475,1.7578580000000001,6.50129,
470,19900,4.349,5.8,6.17,3.03,24.0,66.6,20.2,16.29,9.898475,1.7578580000000001,6.50129,
471,19600,4.038,5.32,6.23,3.1,24.0,66.6,20.2,12.87,9.883285,1.671473,6.50129,
472,23200,3.569,5.8,6.44,2.9,24.0,66.6,20.2,14.36,10.051910000000001,1.7578580000000001,6.50129,
473,29801,4.647,6.14,6.98,2.53,24.0,66.6,20.2,11.66,10.3023,1.814825,6.50129,
474,13800,8.056000000000001,5.84,5.43,2.43,24.0,66.6,20.2,18.14,9.532424,1.764731,6.50129,
475,13300,6.393,5.84,6.16,2.21,24.0,66.6,20.2,24.1,9.495519999999999,1.764731,6.50129,
476,16700,4.871,6.14,6.48,2.31,24.0,66.6,20.2,18.68,9.723164,1.814825,6.50129,
477,12000,15.023,6.14,5.3,2.1,24.0,66.6,20.2,24.91,9.392662,1.814825,6.50129,
478,14600,10.232999999999999,6.14,6.18,2.17,24.0,66.6,20.2,18.03,9.588777,1.814825,6.50129,
479,21400,14.334000000000001,6.14,6.23,1.95,24.0,66.6,20.2,13.11,9.971147,1.814825,6.50129,
480,23001,5.824,5.32,6.24,3.42,24.0,66.6,20.2,10.74,10.043289999999999,1.671473,6.50129,
481,23699,5.707999999999999,5.32,6.75,3.33,24.0,66.6,20.2,7.74,10.073189999999999,1.671473,6.50129,
482,24999,5.731,5.32,7.06,3.41,24.0,66.6,20.2,6.35,10.12659,1.671473,6.50129,
483,21800,2.818,5.32,5.76,4.1,24.0,66.6,20.2,10.42,9.989664999999999,1.671473,6.50129,
484,20600,2.379,5.83,5.87,3.72,24.0,66.6,20.2,13.34,9.933046000000001,1.7630169999999998,6.50129,
485,21200,,,6.31,3.99,,,20.2,,,1.7630169999999998,,
486,19100,5.692,5.83,6.11,3.55,24.0,66.6,20.2,14.98,9.857444000000001,1.7630169999999998,6.50129,
487,20600,4.836,5.83,5.9,3.15,24.0,66.6,20.2,11.45,9.933046000000001,1.7630169999999998,6.50129,
488,15200,0.151,6.09,5.45,1.82,4.0,71.1,20.1,18.06,9.62905,1.806648,6.5666720000000005,
489,7000,0.183,6.09,5.41,1.76,4.0,71.1,20.1,23.97,8.853665,1.806648,6.5666720000000005,
490,8100,0.207,6.09,5.09,1.82,4.0,71.1,20.1,29.68,8.999619000000001,1.806648,6.5666720000000005,
491,13600,0.106,6.09,5.98,1.87,4.0,71.1,20.1,18.07,9.517825,1.806648,6.5666720000000005,
492,20100,0.111,6.09,5.98,2.11,4.0,71.1,20.1,13.35,9.908475,1.806648,6.5666720000000005,
493,21800,,,5.71,2.38,,,19.2,,,1.7664419999999998,,
494,24499,0.28,5.85,5.93,2.38,6.0,39.1,19.2,13.59,10.10639,1.7664419999999998,5.968708,
495,23100,0.179,5.85,5.67,2.8,6.0,39.1,19.2,17.6,10.04759,1.7664419999999998,5.968708,
496,19700,0.29,5.85,5.39,2.8,6.0,39.1,19.2,21.14,9.888374,1.7664419999999998,5.968708,
497,18300,0.268,5.85,5.79,2.89,6.0,39.1,19.2,14.1,9.814656,1.7664419999999998,5.968708,
498,21200,0.239,5.85,6.02,2.41,6.0,39.1,19.2,12.92,9.961757,1.7664419999999998,5.968708,
499,17500,0.17800000000000002,5.85,5.57,2.4,6.0,39.1,19.2,15.1,9.769957000000002,1.7664419999999998,5.968708,
500,16800,0.22399999999999998,5.85,6.03,2.5,6.0,39.1,19.2,14.33,9.729135000000001,1.7664419999999998,5.968708,
501,22400,0.063,5.73,6.59,2.48,1.0,27.3,21.0,9.67,10.01682,1.7457150000000001,5.609472,
502,20600,0.045,5.73,6.12,2.29,1.0,27.3,21.0,9.08,9.933046000000001,1.7457150000000001,5.609472,
503,23899,0.061,5.73,6.98,2.17,1.0,27.3,21.0,5.64,10.08159,1.7457150000000001,5.609472,
504,22000,0.11,5.73,6.79,2.39,1.0,27.3,21.0,6.48,9.998797,1.7457150000000001,5.609472,
505,11900,0.047,5.73,6.03,2.51,1.0,27.3,21.0,7.88,9.384294,1.7457150000000001,5.609472,
